bestandsnaam,voor_origineel,voor_kol2,voor_kol3,voor_kol4,voor_kol5,na_origineel,na_kol2,na_kol3,na_kol4,na_kol5
file,File,for loops,while loops,do-while loops,total loops,total nodes,File,for loops,while loops,do-while loops,total loops,total nodes
ssl/quic/quic_demux.c,ssl/quic/quic_demux.c,0,5,3,8,10151,ssl/quic/quic_demux.c,2,5,3,10,9642
ssl/quic/quic_record_tx.c,ssl/quic/quic_record_tx.c,0,5,7,12,10597,ssl/quic/quic_record_tx.c,1,5,7,13,10525
engines/padlock-dso-e_padlock-x86_64.c,engines/padlock-dso-e_padlock-x86_64.c,16,3,9,28,10337,engines/padlock-dso-e_padlock-x86_64.c,18,3,9,30,10337
crypto/md5/md5_dgst.c,crypto/md5/md5_dgst.c,0,0,3,3,2484,crypto/md5/md5_dgst.c,3,0,3,6,2174
crypto/bn/bn_nist.c,crypto/bn/bn_nist.c,1,0,4,5,10982,crypto/bn/bn_nist.c,13,0,4,17,10586
engines/padlock-dso-e_padlock.c,engines/padlock-dso-e_padlock.c,2,1,14,17,18778,engines/padlock-dso-e_padlock.c,3,1,14,18,18218
ssl/t1_lib.c,ssl/t1_lib.c,9,15,59,83,58166,ssl/t1_lib.c,11,15,59,85,56741
providers/implementations/ciphers/cipher_chacha20_hw.c,providers/implementations/ciphers/cipher_chacha20_hw.c,0,2,3,5,3371,providers/implementations/ciphers/cipher_chacha20_hw.c,2,2,3,7,2967
crypto/bf/bf_enc.c,crypto/bf/bf_enc.c,0,0,2,2,6665,crypto/bf/bf_enc.c,2,0,2,4,4445
ssl/record/methods/tls_common.c,ssl/record/methods/tls_common.c,2,6,18,26,24956,ssl/record/methods/tls_common.c,3,6,18,27,24718
crypto/des/ofb64ede.c,crypto/des/ofb64ede.c,0,0,1,1,950,crypto/des/ofb64ede.c,2,0,1,3,770
test/helpers/quicapitest-bin-quictestlib.c,test/helpers/quicapitest-bin-quictestlib.c,0,1,11,12,15422,test/helpers/quicapitest-bin-quictestlib.c,1,1,11,13,15095
ssl/record/methods/dtls_meth.c,ssl/record/methods/dtls_meth.c,0,2,1,3,7923,ssl/record/methods/dtls_meth.c,4,2,1,7,7261
crypto/bn/rsaz-4k-avx512.c,crypto/bn/rsaz-4k-avx512.c,0,0,2,2,6117,crypto/bn/rsaz-4k-avx512.c,4,0,2,6,5973
crypto/cmp/cmp_genm.c,crypto/cmp/cmp_genm.c,3,0,3,6,5703,crypto/cmp/cmp_genm.c,4,0,3,7,5576
crypto/modes/cbc128.c,crypto/modes/cbc128.c,0,0,3,3,8142,crypto/modes/cbc128.c,2,0,3,5,7553
ssl/quic/quic_channel.c,ssl/quic/quic_channel.c,15,4,10,29,48541,ssl/quic/quic_channel.c,16,4,10,30,48263
crypto/slh_dsa/slh_wots.c,crypto/slh_dsa/slh_wots.c,0,0,9,9,12713,crypto/slh_dsa/slh_wots.c,4,0,9,13,11997
ssl/ssl_conf.c,ssl/ssl_conf.c,0,1,8,9,15828,ssl/ssl_conf.c,1,1,8,10,15652
providers/implementations/ciphers/cipher_aes_cbc_hmac_sha256_hw.c,providers/implementations/ciphers/cipher_aes_cbc_hmac_sha256_hw.c,5,3,7,15,21535,providers/implementations/ciphers/cipher_aes_cbc_hmac_sha256_hw.c,11,3,7,21,19668
crypto/evp/e_chacha20_poly1305.c,crypto/evp/e_chacha20_poly1305.c,0,2,5,7,9915,crypto/evp/e_chacha20_poly1305.c,3,2,5,10,9203
ssl/quic/quic_rcidm.c,ssl/quic/quic_rcidm.c,0,3,1,4,19461,ssl/quic/quic_rcidm.c,16,3,1,20,17993
crypto/sm3/sm3.c,crypto/sm3/sm3.c,0,0,4,4,19775,crypto/sm3/sm3.c,2,0,4,6,19395
crypto/des/set_key.c,crypto/des/set_key.c,0,0,2,2,2266,crypto/des/set_key.c,1,0,2,3,2118
crypto/provider_core.c,crypto/provider_core.c,3,1,18,22,22195,crypto/provider_core.c,6,1,18,25,21814
crypto/x509/x509cset.c,crypto/x509/x509cset.c,0,1,0,1,1633,crypto/x509/x509cset.c,3,1,0,4,1617
crypto/err/err_prn.c,crypto/err/err_prn.c,1,0,3,4,2198,crypto/err/err_prn.c,2,0,3,5,2122
crypto/ts/ts_rsp_sign.c,crypto/ts/ts_rsp_sign.c,1,0,3,4,9672,crypto/ts/ts_rsp_sign.c,3,0,3,6,9389
crypto/evp/e_aes_cbc_hmac_sha1.c,crypto/evp/e_aes_cbc_hmac_sha1.c,5,2,7,14,19259,crypto/evp/e_aes_cbc_hmac_sha1.c,9,2,7,18,18436
crypto/pem/pem_lib.c,crypto/pem/pem_lib.c,0,1,8,9,13260,crypto/pem/pem_lib.c,1,1,8,10,12729
crypto/store/store_result.c,crypto/store/store_result.c,0,1,1,2,5264,crypto/store/store_result.c,1,1,1,3,5191
crypto/evp/encode.c,crypto/evp/encode.c,0,3,5,8,6345,crypto/evp/encode.c,1,3,5,9,6246
ssl/statem/statem_lib.c,ssl/statem/statem_lib.c,4,2,12,18,33318,ssl/statem/statem_lib.c,5,2,12,19,32297
crypto/bn/x86_64-mont5.c,crypto/bn/x86_64-mont5.c,9,10,22,41,62085,crypto/bn/x86_64-mont5.c,14,10,22,46,61613
crypto/ec/curve25519.c,crypto/ec/curve25519.c,1,2,38,41,54945,crypto/ec/curve25519.c,25,2,38,65,52412
crypto/aes/aes_ige.c,crypto/aes/aes_ige.c,0,0,12,12,12424,crypto/aes/aes_ige.c,8,0,12,20,9944
crypto/evp/pmeth_lib.c,crypto/evp/pmeth_lib.c,0,2,0,2,32229,crypto/evp/pmeth_lib.c,1,2,0,3,30832
ssl/ssl_sess.c,ssl/ssl_sess.c,2,3,5,10,27306,ssl/ssl_sess.c,17,3,5,25,25680
ssl/statem/extensions_clnt.c,ssl/statem/extensions_clnt.c,6,3,8,17,29665,ssl/statem/extensions_clnt.c,7,3,8,18,28618
test/helpers/dtls_mtu_test-bin-ssltestlib.c,test/helpers/dtls_mtu_test-bin-ssltestlib.c,4,7,12,23,18890,test/helpers/dtls_mtu_test-bin-ssltestlib.c,6,7,12,25,18505
crypto/bn/rsaz-2k-avx512.c,crypto/bn/rsaz-2k-avx512.c,0,0,1,1,3252,crypto/bn/rsaz-2k-avx512.c,3,0,1,4,3214
crypto/bn/rsaz-avx2.c,crypto/bn/rsaz-avx2.c,0,1,5,6,22360,crypto/bn/rsaz-avx2.c,4,1,5,10,22289
providers/implementations/rands/drbg_hash.c,providers/implementations/rands/drbg_hash.c,0,3,10,13,6769,providers/implementations/rands/drbg_hash.c,3,3,8,14,6364
apps/lib/ca_internals_test-bin-apps.c,apps/lib/ca_internals_test-bin-apps.c,8,13,23,44,41482,apps/lib/ca_internals_test-bin-apps.c,9,13,23,45,41267
ssl/statem/statem_srvr.c,ssl/statem/statem_srvr.c,7,1,7,15,51324,ssl/statem/statem_srvr.c,10,1,7,18,50320
crypto/ripemd/rmd_dgst.c,crypto/ripemd/rmd_dgst.c,0,0,4,4,13291,crypto/ripemd/rmd_dgst.c,3,0,4,7,12981
ssl/s3_lib.c,ssl/s3_lib.c,2,1,9,12,23960,ssl/s3_lib.c,3,1,9,13,23630
crypto/ct/ct_oct.c,crypto/ct/ct_oct.c,3,1,1,5,5464,crypto/ct/ct_oct.c,5,1,1,7,5281
test/helpers/sslbuffertest-bin-ssltestlib.c,test/helpers/sslbuffertest-bin-ssltestlib.c,4,7,12,23,18890,test/helpers/sslbuffertest-bin-ssltestlib.c,6,7,12,25,18505
crypto/sha/sha1dgst.c,crypto/sha/sha1dgst.c,0,0,3,3,3269,crypto/sha/sha1dgst.c,3,0,3,6,2959
crypto/modes/ocb128.c,crypto/modes/ocb128.c,3,3,7,13,17618,crypto/modes/ocb128.c,11,3,7,21,13109
crypto/des/des_enc.c,crypto/des/des_enc.c,0,0,4,4,31311,crypto/des/des_enc.c,4,0,4,8,31283
crypto/modes/ctr128.c,crypto/modes/ctr128.c,1,2,3,6,7166,crypto/modes/ctr128.c,3,2,3,8,7144
ssl/quic/json_enc.c,ssl/quic/json_enc.c,3,1,10,14,16316,ssl/quic/json_enc.c,6,1,10,17,16162
crypto/poly1305/poly1305.c,crypto/poly1305/poly1305.c,0,0,2,2,1828,crypto/poly1305/poly1305.c,1,0,2,3,1756
crypto/ec/ecp_nistz256.c,crypto/ec/ecp_nistz256.c,1,3,18,22,13713,crypto/ec/ecp_nistz256.c,7,3,18,28,13240
test/helpers/sslapitest-bin-ssltestlib.c,test/helpers/sslapitest-bin-ssltestlib.c,4,7,12,23,18890,test/helpers/sslapitest-bin-ssltestlib.c,6,7,12,25,18505
crypto/bio/bio_addr.c,crypto/bio/bio_addr.c,4,1,1,6,6578,crypto/bio/bio_addr.c,6,1,1,8,6292
ssl/quic/qlog.c,ssl/quic/qlog.c,2,3,4,9,8913,ssl/quic/qlog.c,4,3,4,11,8828
crypto/bn/bn_exp.c,crypto/bn/bn_exp.c,1,5,37,43,19145,crypto/bn/bn_exp.c,2,5,37,44,18745
test/helpers/json_test-bin-ssltestlib.c,test/helpers/json_test-bin-ssltestlib.c,4,7,12,23,18890,test/helpers/json_test-bin-ssltestlib.c,6,7,12,25,18505
providers/implementations/kdfs/pbkdf1.c,providers/implementations/kdfs/pbkdf1.c,0,0,1,1,2841,providers/implementations/kdfs/pbkdf1.c,3,0,1,4,2646
providers/implementations/rands/drbg_ctr.c,providers/implementations/rands/drbg_ctr.c,1,0,6,7,28699,providers/implementations/rands/drbg_ctr.c,2,0,6,8,28122
test/bio_pw_callback_test-bin-bio_pw_callback_test.c,test/bio_pw_callback_test-bin-bio_pw_callback_test.c,0,1,1,2,3185,test/bio_pw_callback_test-bin-bio_pw_callback_test.c,2,1,1,4,3100
crypto/modes/ghash-x86_64.c,crypto/modes/ghash-x86_64.c,130,4,3,137,36049,crypto/modes/ghash-x86_64.c,131,4,3,138,35987
providers/implementations/ciphers/cipher_aes_cbc_hmac_sha1_hw.c,providers/implementations/ciphers/cipher_aes_cbc_hmac_sha1_hw.c,5,3,7,15,19709,providers/implementations/ciphers/cipher_aes_cbc_hmac_sha1_hw.c,11,3,7,21,18139
test/evp_pkey_provided_test-bin-evp_pkey_provided_test.c,test/evp_pkey_provided_test-bin-evp_pkey_provided_test.c,3,9,3,15,35073,test/evp_pkey_provided_test-bin-evp_pkey_provided_test.c,4,9,3,16,34726
crypto/ui/ui_lib.c,crypto/ui/ui_lib.c,1,4,0,5,13886,crypto/ui/ui_lib.c,15,4,0,19,13676
test/helpers/quic_radix_test-bin-ssltestlib.c,test/helpers/quic_radix_test-bin-ssltestlib.c,4,7,12,23,18890,test/helpers/quic_radix_test-bin-ssltestlib.c,6,7,12,25,18505
test/helpers/quicapitest-bin-ssltestlib.c,test/helpers/quicapitest-bin-ssltestlib.c,4,7,12,23,18890,test/helpers/quicapitest-bin-ssltestlib.c,6,7,12,25,18505
test/destest-bin-destest.c,test/destest-bin-destest.c,0,0,5,5,15221,test/destest-bin-destest.c,12,0,5,17,14197
crypto/rsa/rsa_ossl.c,crypto/rsa/rsa_ossl.c,0,1,3,4,13151,crypto/rsa/rsa_ossl.c,1,1,3,5,12797
apps/apps.c,apps/apps.c,8,13,22,43,38612,apps/apps.c,9,13,22,44,38372
crypto/bio/bss_dgram_pair.c,crypto/bio/bss_dgram_pair.c,2,2,5,9,14157,crypto/bio/bss_dgram_pair.c,5,2,5,12,13507
crypto/chacha/chacha-x86_64.c,crypto/chacha/chacha-x86_64.c,0,9,48,57,140287,crypto/chacha/chacha-x86_64.c,3,9,48,60,140299
crypto/ffc/ffc_params.c,crypto/ffc/ffc_params.c,1,1,0,2,4340,crypto/ffc/ffc_params.c,2,1,0,3,4230
crypto/rc2/rc2_skey.c,crypto/rc2/rc2_skey.c,0,0,4,4,2570,crypto/rc2/rc2_skey.c,1,0,4,5,2394
ssl/quic/quic_wire.c,ssl/quic/quic_wire.c,0,0,9,9,21140,ssl/quic/quic_wire.c,3,0,9,12,20203
crypto/rand/rand_lib.c,crypto/rand/rand_lib.c,0,0,1,1,11339,crypto/rand/rand_lib.c,1,0,1,2,11059
crypto/rsa/rsa_mp.c,crypto/rsa/rsa_mp.c,0,0,1,1,1000,crypto/rsa/rsa_mp.c,1,0,1,2,982
crypto/hashtable/hashtable.c,crypto/hashtable/hashtable.c,2,5,8,15,10018,crypto/hashtable/hashtable.c,3,5,8,16,9896
ssl/record/methods/ssl3_cbc.c,ssl/record/methods/ssl3_cbc.c,3,0,7,10,13410,ssl/record/methods/ssl3_cbc.c,13,0,7,20,10859
crypto/params_from_text.c,crypto/params_from_text.c,0,0,3,3,3239,crypto/params_from_text.c,1,0,3,4,3169
crypto/rc4/rc4-x86_64.c,crypto/rc4/rc4-x86_64.c,0,1,10,11,8472,crypto/rc4/rc4-x86_64.c,1,1,10,12,7836
crypto/ec/curve448/scalar.c,crypto/ec/curve448/scalar.c,0,1,7,8,9679,crypto/ec/curve448/scalar.c,4,1,7,12,8339
crypto/bn/rsaz-3k-avx512.c,crypto/bn/rsaz-3k-avx512.c,0,0,1,1,5310,crypto/bn/rsaz-3k-avx512.c,3,0,1,4,5192
crypto/des/cfb64ede.c,crypto/des/cfb64ede.c,0,2,4,6,9074,crypto/des/cfb64ede.c,1,2,4,7,9071
crypto/x509/pcy_cache.c,crypto/x509/pcy_cache.c,0,0,1,1,2041,crypto/x509/pcy_cache.c,1,0,1,2,2002
test/rc4test-bin-rc4test.c,test/rc4test-bin-rc4test.c,4,0,1,5,1781,test/rc4test-bin-rc4test.c,8,0,1,9,1477
crypto/bn/rsaz_exp_x2.c,crypto/bn/rsaz_exp_x2.c,4,1,6,11,5892,crypto/bn/rsaz_exp_x2.c,6,1,6,13,5537
crypto/bn/bn_blind.c,crypto/bn/bn_blind.c,0,0,2,2,4345,crypto/bn/bn_blind.c,1,0,2,3,4315
crypto/x509/x_crl.c,crypto/x509/x_crl.c,2,1,2,5,7280,crypto/x509/x_crl.c,3,1,2,6,7211
providers/implementations/kdfs/sshkdf.c,providers/implementations/kdfs/sshkdf.c,0,1,0,1,3742,providers/implementations/kdfs/sshkdf.c,3,1,0,4,3253
crypto/md4/md4_dgst.c,crypto/md4/md4_dgst.c,0,0,4,4,5036,crypto/md4/md4_dgst.c,3,0,4,7,4726
crypto/evp/e_aes_cbc_hmac_sha256.c,crypto/evp/e_aes_cbc_hmac_sha256.c,5,2,7,14,20648,crypto/evp/e_aes_cbc_hmac_sha256.c,9,2,7,18,19613
test/helpers/quic_multistream_test-bin-quictestlib.c,test/helpers/quic_multistream_test-bin-quictestlib.c,0,1,11,12,15422,test/helpers/quic_multistream_test-bin-quictestlib.c,1,1,11,13,15095
crypto/bn/bn_mul.c,crypto/bn/bn_mul.c,1,5,3,9,5704,crypto/bn/bn_mul.c,3,5,3,11,5478
providers/implementations/kdfs/pkcs12kdf.c,providers/implementations/kdfs/pkcs12kdf.c,0,1,6,7,3926,providers/implementations/kdfs/pkcs12kdf.c,3,1,6,10,3702
ssl/ssl_asn1.c,ssl/ssl_asn1.c,3,0,2,5,9847,ssl/ssl_asn1.c,12,0,2,14,8407
crypto/bn/rsaz_exp.c,crypto/bn/rsaz_exp.c,0,0,3,3,2985,crypto/bn/rsaz_exp.c,1,0,3,4,2755
crypto/ml_kem/ml_kem.c,crypto/ml_kem/ml_kem.c,0,4,64,68,137170,crypto/ml_kem/ml_kem.c,6,4,64,74,136836
crypto/ec/ec_mult.c,crypto/ec/ec_mult.c,0,3,14,17,10834,crypto/ec/ec_mult.c,4,3,14,21,10408
test/helpers/quic_multistream_test-bin-ssltestlib.c,test/helpers/quic_multistream_test-bin-ssltestlib.c,4,7,12,23,18890,test/helpers/quic_multistream_test-bin-ssltestlib.c,6,7,12,25,18505
test/quic_client_test-bin-quic_client_test.c,test/quic_client_test-bin-quic_client_test.c,0,0,2,2,2681,test/quic_client_test-bin-quic_client_test.c,1,0,2,3,2590
providers/implementations/kdfs/sskdf.c,providers/implementations/kdfs/sskdf.c,1,3,0,4,7398,providers/implementations/kdfs/sskdf.c,2,3,0,5,7085
test/sslapitest-bin-sslapitest.c,test/sslapitest-bin-sslapitest.c,12,4,30,46,182982,test/sslapitest-bin-sslapitest.c,19,4,30,53,181564
engines/loader_attic-dso-e_loader_attic.c,engines/loader_attic-dso-e_loader_attic.c,3,1,9,13,17637,engines/loader_attic-dso-e_loader_attic.c,4,1,9,14,17301
test/helpers/quicfaultstest-bin-ssltestlib.c,test/helpers/quicfaultstest-bin-ssltestlib.c,4,7,12,23,18890,test/helpers/quicfaultstest-bin-ssltestlib.c,6,7,12,25,18505
test/helpers/quicfaultstest-bin-quictestlib.c,test/helpers/quicfaultstest-bin-quictestlib.c,0,1,11,12,15422,test/helpers/quicfaultstest-bin-quictestlib.c,1,1,11,13,15095
crypto/ml_dsa/ml_dsa_key.c,crypto/ml_dsa/ml_dsa_key.c,0,0,11,11,9238,crypto/ml_dsa/ml_dsa_key.c,1,0,11,12,9044
test/quic_txp_test-bin-quic_txp_test.c,test/quic_txp_test-bin-quic_txp_test.c,1,1,2,4,11551,test/quic_txp_test-bin-quic_txp_test.c,3,1,2,6,11547
engines/afalg-dso-e_afalg.c,engines/afalg-dso-e_afalg.c,1,1,2,4,8253,engines/afalg-dso-e_afalg.c,5,1,2,8,7687
crypto/modes/aes-gcm-avx512.c,crypto/modes/aes-gcm-avx512.c,72,0,0,72,131043,crypto/modes/aes-gcm-avx512.c,174,0,0,174,80208
ssl/record/methods/tls13_meth.c,ssl/record/methods/tls13_meth.c,0,0,1,1,5610,ssl/record/methods/tls13_meth.c,1,0,1,2,5296
crypto/modes/ccm128.c,crypto/modes/ccm128.c,0,0,9,9,27161,crypto/modes/ccm128.c,17,0,9,26,26251
test/helpers/tls13ccstest-bin-ssltestlib.c,test/helpers/tls13ccstest-bin-ssltestlib.c,4,7,12,23,18890,test/helpers/tls13ccstest-bin-ssltestlib.c,6,7,12,25,18505
test/helpers/quic_radix_test-bin-quictestlib.c,test/helpers/quic_radix_test-bin-quictestlib.c,0,1,11,12,15422,test/helpers/quic_radix_test-bin-quictestlib.c,1,1,11,13,15095
apps/openssl-bin-passwd.c,apps/openssl-bin-passwd.c,3,4,40,47,12374,apps/openssl-bin-passwd.c,5,4,40,49,11561
apps/s_cb.c,apps/s_cb.c,3,9,23,35,20580,apps/s_cb.c,4,9,23,36,20120
test/evp_test-bin-evp_test.c,test/evp_test-bin-evp_test.c,10,14,36,60,80095,test/evp_test-bin-evp_test.c,13,14,39,66,79151
ssl/quic/quic_record_rx.c,ssl/quic/quic_record_rx.c,0,7,4,11,22872,ssl/quic/quic_record_rx.c,1,7,4,12,22087
test/helpers/quic_newcid_test-bin-quictestlib.c,test/helpers/quic_newcid_test-bin-quictestlib.c,0,1,11,12,15422,test/helpers/quic_newcid_test-bin-quictestlib.c,1,1,11,13,15095
test/helpers/quic_srt_gen_test-bin-quictestlib.c,test/helpers/quic_srt_gen_test-bin-quictestlib.c,0,1,11,12,15422,test/helpers/quic_srt_gen_test-bin-quictestlib.c,1,1,11,13,15095
test/helpers/quic_newcid_test-bin-ssltestlib.c,test/helpers/quic_newcid_test-bin-ssltestlib.c,4,7,12,23,18890,test/helpers/quic_newcid_test-bin-ssltestlib.c,6,7,12,25,18505
test/helpers/fatalerrtest-bin-ssltestlib.c,test/helpers/fatalerrtest-bin-ssltestlib.c,4,7,12,23,18890,test/helpers/fatalerrtest-bin-ssltestlib.c,6,7,12,25,18505
crypto/err/err.c,crypto/err/err.c,2,2,21,25,35067,crypto/err/err.c,66,2,21,89,34690
test/bio_enc_test-bin-bio_enc_test.c,test/bio_enc_test-bin-bio_enc_test.c,6,2,3,11,3898,test/bio_enc_test-bin-bio_enc_test.c,11,2,3,16,3627
apps/openssl-bin-ca.c,apps/openssl-bin-ca.c,6,4,13,23,26851,apps/openssl-bin-ca.c,11,4,13,28,26589
crypto/des/fcrypt.c,crypto/des/fcrypt.c,0,0,2,2,2434,crypto/des/fcrypt.c,2,0,2,4,2336
ssl/rio/poll_builder.c,ssl/rio/poll_builder.c,0,0,3,3,1619,ssl/rio/poll_builder.c,1,0,3,4,1139
test/quic_multistream_test-bin-quic_multistream_test.c,test/quic_multistream_test-bin-quic_multistream_test.c,4,4,13,21,54473,test/quic_multistream_test-bin-quic_multistream_test.c,5,4,13,22,54391
crypto/ec/ec2_smpl.c,crypto/ec/ec2_smpl.c,0,0,3,3,12752,crypto/ec/ec2_smpl.c,4,0,3,7,11042
providers/implementations/kdfs/krb5kdf.c,providers/implementations/kdfs/krb5kdf.c,0,1,4,5,4163,providers/implementations/kdfs/krb5kdf.c,3,1,4,8,3903
crypto/err/err_save.c,crypto/err/err_save.c,2,0,6,8,4533,crypto/err/err_save.c,3,0,6,9,4497
apps/ca_internals_test-bin-ca.c,apps/ca_internals_test-bin-ca.c,6,4,13,23,26851,apps/ca_internals_test-bin-ca.c,11,4,13,28,26589
crypto/hpke/hpke.c,crypto/hpke/hpke.c,1,0,0,1,18038,crypto/hpke/hpke.c,4,0,0,4,17967
test/provider_test-bin-provider_test.c,test/provider_test-bin-provider_test.c,0,1,1,2,3710,test/provider_test-bin-provider_test.c,2,1,1,4,3538
ssl/statem/statem_clnt.c,ssl/statem/statem_clnt.c,4,0,4,8,47184,ssl/statem/statem_clnt.c,6,0,4,10,45942
crypto/asn1/asn_mime.c,crypto/asn1/asn_mime.c,1,24,7,32,16291,crypto/asn1/asn_mime.c,3,24,7,34,15235
crypto/deterministic_nonce.c,crypto/deterministic_nonce.c,0,0,2,2,1691,crypto/deterministic_nonce.c,1,0,2,3,1534
crypto/ffc/ffc_params_validate.c,crypto/ffc/ffc_params_validate.c,1,0,0,1,1671,crypto/ffc/ffc_params_validate.c,2,0,0,2,1648
test/helpers/recordlentest-bin-ssltestlib.c,test/helpers/recordlentest-bin-ssltestlib.c,4,7,12,23,18890,test/helpers/recordlentest-bin-ssltestlib.c,6,7,12,25,18505
ssl/tls_srp.c,ssl/tls_srp.c,5,0,0,5,9669,ssl/tls_srp.c,8,0,0,8,9167
crypto/ec/curve448/f_generic.c,crypto/ec/curve448/f_generic.c,0,1,9,10,6433,crypto/ec/curve448/f_generic.c,1,1,9,11,6437
ssl/statem/statem_dtls.c,ssl/statem/statem_dtls.c,1,6,6,13,17258,ssl/statem/statem_dtls.c,7,6,6,19,16609
test/helpers/ssl_handshake_rtt_test-bin-ssltestlib.c,test/helpers/ssl_handshake_rtt_test-bin-ssltestlib.c,4,7,12,23,18890,test/helpers/ssl_handshake_rtt_test-bin-ssltestlib.c,6,7,12,25,18505
test/helpers/json_test-bin-quictestlib.c,test/helpers/json_test-bin-quictestlib.c,0,1,11,12,15422,test/helpers/json_test-bin-quictestlib.c,1,1,11,13,15095
apps/openssl-bin-speed.c,apps/openssl-bin-speed.c,41,117,129,287,105150,apps/openssl-bin-speed.c,58,117,129,304,102783
crypto/cmac/cmac.c,crypto/cmac/cmac.c,0,0,6,6,5887,crypto/cmac/cmac.c,1,0,6,7,5839
crypto/des/ofb64enc.c,crypto/des/ofb64enc.c,0,0,1,1,789,crypto/des/ofb64enc.c,2,0,1,3,609
crypto/ec/ecp_smpl.c,crypto/ec/ecp_smpl.c,1,0,8,9,24605,crypto/ec/ecp_smpl.c,4,0,8,12,22537
test/drbgtest-bin-drbgtest.c,test/drbgtest-bin-drbgtest.c,2,1,6,9,14270,test/drbgtest-bin-drbgtest.c,4,1,6,11,14256
providers/implementations/kdfs/tls1_prf.c,providers/implementations/kdfs/tls1_prf.c,1,2,1,4,4819,providers/implementations/kdfs/tls1_prf.c,4,2,1,7,4652
crypto/sha/sha512.c,crypto/sha/sha512.c,3,0,1,4,6799,crypto/sha/sha512.c,10,0,1,11,5318
ssl/quic/quic_wire_pkt.c,ssl/quic/quic_wire_pkt.c,2,0,3,5,14046,ssl/quic/quic_wire_pkt.c,5,0,3,8,13728
test/helpers/quic_srt_gen_test-bin-ssltestlib.c,test/helpers/quic_srt_gen_test-bin-ssltestlib.c,4,7,12,23,18890,test/helpers/quic_srt_gen_test-bin-ssltestlib.c,6,7,12,25,18505
test/quic_ackm_test-bin-quic_ackm_test.c,test/quic_ackm_test-bin-quic_ackm_test.c,0,1,12,13,7092,test/quic_ackm_test-bin-quic_ackm_test.c,1,1,12,14,6770
test/helpers/dtlstest-bin-ssltestlib.c,test/helpers/dtlstest-bin-ssltestlib.c,4,7,12,23,18890,test/helpers/dtlstest-bin-ssltestlib.c,6,7,12,25,18505
test/evp_xof_test-bin-evp_xof_test.c,test/evp_xof_test-bin-evp_xof_test.c,1,0,4,5,5663,test/evp_xof_test-bin-evp_xof_test.c,2,0,4,6,5585
crypto/des/cfb_enc.c,crypto/des/cfb_enc.c,0,2,4,6,6813,crypto/des/cfb_enc.c,2,2,4,8,6803
providers/implementations/kdfs/argon2.c,providers/implementations/kdfs/argon2.c,13,6,21,40,37164,providers/implementations/kdfs/argon2.c,14,6,21,41,37006
apps/openssl-bin-ts.c,apps/openssl-bin-ts.c,1,2,1,4,8426,apps/openssl-bin-ts.c,1,2,1,4,3411
providers/implementations/encode_decode/ml_common_codecs.c,providers/implementations/encode_decode/ml_common_codecs.c,0,0,2,2,1128,providers/implementations/encode_decode/ml_common_codecs.c,2,0,2,4,806
ssl/ssl_lib.c,ssl/ssl_lib.c,3,6,32,41,114947,ssl/ssl_lib.c,8,6,32,46,110151
test/helpers/sslcorrupttest-bin-ssltestlib.c,test/helpers/sslcorrupttest-bin-ssltestlib.c,4,7,12,23,18890,test/helpers/sslcorrupttest-bin-ssltestlib.c,6,7,12,25,18505
crypto/whrlpool/wp_dgst.c,crypto/whrlpool/wp_dgst.c,1,2,5,8,5126,crypto/whrlpool/wp_dgst.c,11,2,5,18,4447
test/helpers/servername_test-bin-ssltestlib.c,test/helpers/servername_test-bin-ssltestlib.c,4,7,12,23,18890,test/helpers/servername_test-bin-ssltestlib.c,6,7,12,25,18505
crypto/des/cbc_enc.c,crypto/des/cbc_enc.c,0,0,2,2,2153,crypto/des/cbc_enc.c,2,0,2,4,2139
test/helpers/asynciotest-bin-ssltestlib.c,test/helpers/asynciotest-bin-ssltestlib.c,4,7,12,23,18890,test/helpers/asynciotest-bin-ssltestlib.c,6,7,12,25,18505
providers/implementations/digests/blake2s_prov.c,providers/implementations/digests/blake2s_prov.c,2,0,1,3,16208,providers/implementations/digests/blake2s_prov.c,3,0,1,4,16117
test/bftest-bin-bftest.c,test/bftest-bin-bftest.c,3,1,11,15,4441,test/bftest-bin-bftest.c,9,1,11,21,4431
providers/implementations/ciphers/cipher_tdes_default_hw.c,providers/implementations/ciphers/cipher_tdes_default_hw.c,0,0,4,4,2623,providers/implementations/ciphers/cipher_tdes_default_hw.c,1,0,4,5,2123
crypto/sha/sha256.c,crypto/sha/sha256.c,0,0,3,3,5169,crypto/sha/sha256.c,8,0,3,11,3832
apps/openssl-bin-cmp.c,apps/openssl-bin-cmp.c,2,5,16,23,53621,apps/openssl-bin-cmp.c,2,5,16,23,53276
test/helpers/rpktest-bin-ssltestlib.c,test/helpers/rpktest-bin-ssltestlib.c,4,7,12,23,18890,test/helpers/rpktest-bin-ssltestlib.c,6,7,12,25,18505
apps/openssl-bin-pkcs12.c,apps/openssl-bin-pkcs12.c,6,4,5,15,13476,apps/openssl-bin-pkcs12.c,8,4,5,17,13231
test/hpke_test-bin-hpke_test.c,test/hpke_test-bin-hpke_test.c,8,4,11,23,22359,test/hpke_test-bin-hpke_test.c,16,4,11,31,21701
test/helpers/tls13groupselection_test-bin-ssltestlib.c,test/helpers/tls13groupselection_test-bin-ssltestlib.c,4,7,12,23,18890,test/helpers/tls13groupselection_test-bin-ssltestlib.c,6,7,12,25,18505
providers/implementations/kdfs/pbkdf2.c,providers/implementations/kdfs/pbkdf2.c,0,0,2,2,5700,providers/implementations/kdfs/pbkdf2.c,3,0,2,5,5457
providers/implementations/digests/blake2_prov.c,providers/implementations/digests/blake2_prov.c,2,0,0,2,3409,providers/implementations/digests/blake2_prov.c,3,0,0,3,3081
